"","X2000","X2001","X2002","X2003","X2004","X2005","X2006","X2007","X2008","X2009","X2010","X2011","X2012","X2013","X2014","X2015","X2016","X2017","X2018","X2019","X2020","X2021","X2022","X2023","X2024","X2025","X2026","X2027","X2028","X2029","X2030","X2031","X2032","X2033","X2034","X2035","X2036","X2037","X2038","X2039","X2040","X2041","X2042","X2043","X2044","X2045","X2046","X2047","X2048","X2049","X2050"
"59151",1.00534352109935,1.01168878112997,1.01705858194266,1.02081474350488,1.0283308413963,1.03583138477431,1.04505471460902,1.05493552631352,1.06525915083065,1.07604156286976,1.08944896151935,1.10024992642173,1.1117681689478,1.12055200444027,1.12506457577185,1.13452361880122,1.14419616826697,1.16082705307391,1.17703867247251,1.19141313651003,1.20385084491101,1.21094326664922,1.2213624641816,1.23609188099833,1.24328042717055,1.25496732120171,1.26313852016802,1.27116478830588,1.27906091911699,1.27845243857439,1.27565019450908,1.28080327663218,1.2841542568269,1.29219759616537,1.30054446938031,1.30203524978651,1.30733547513973,1.30613106083584,1.30490512537857,1.30599081179828,1.30735096022055,1.30785645751518,1.30376225067817,1.29949272702068,1.30117851998482,1.30290624554446,1.30500324676579,1.30768296740554,1.31151225331738,1.32029563520165,1.32915205466433
"59154",0.428554161724242,0.431759713695397,0.434685848543774,0.438394129021221,0.442368785844551,0.446417785335379,0.451808719904337,0.456864049485337,0.461125677982758,0.466614791732127,0.473289289000346,0.479869317075882,0.484871570024557,0.487422936340164,0.490504588971469,0.495735152210529,0.501091853934241,0.509409504377759,0.515989828099534,0.522918807434048,0.529599003161691,0.534903142132804,0.540918755625139,0.5476087357181,0.553125834350228,0.560510372957845,0.566697888027109,0.570910739259238,0.574583009174445,0.575939354262077,0.577327147359485,0.579341190238138,0.581789650593126,0.586488104335164,0.589469972071043,0.591755943550112,0.594664051035302,0.5958837601647,0.597889136475787,0.599633601730283,0.601357838292445,0.600967261087102,0.599674341820073,0.598646933575875,0.599261238355538,0.598719607426243,0.59805885981523,0.599938615896305,0.602564891776049,0.605792652395262,0.60806221434523
"59155",0.349287413453567,0.35159230309251,0.353746752725027,0.356640370145453,0.35966987980447,0.362838291401173,0.366897304265256,0.370936490366199,0.37461484161355,0.379303037251806,0.384723761639929,0.389951876814861,0.394001680404922,0.396746927296022,0.399399645059335,0.403529022988359,0.407886210532345,0.414401059939629,0.419818539745162,0.425485269509863,0.430890636386485,0.435414339659162,0.440607501074818,0.446122895641669,0.450892962934271,0.456969151539148,0.46230114039131,0.466253889510721,0.46965266378211,0.470999455874692,0.472299758223659,0.474120394010053,0.476274035534443,0.479940950109162,0.482615277307399,0.484820557971494,0.487147238023513,0.488521225811764,0.490360034861387,0.492275542436822,0.493721836906771,0.493961602006956,0.493083438599653,0.492414341412703,0.492796648731507,0.492618715631727,0.491765806198784,0.492945395957758,0.49456199466088,0.497315999517869,0.498817095758412
"59156",0.209295855384335,0.209600365037693,0.211008095332031,0.21188507083384,0.213688751930112,0.215475316592103,0.216835017921871,0.218943623995406,0.221545308947825,0.223714162809106,0.226016250072552,0.228476463450268,0.231187707354811,0.233868192924194,0.235451842762595,0.23757156853924,0.239673661730954,0.242144254023465,0.245738145172778,0.249013619927093,0.251735314639784,0.254244099092264,0.255917101349004,0.25927676708658,0.261696445968759,0.263985347846435,0.266224294356119,0.268582229033559,0.270649978974147,0.271487796805049,0.271964412151119,0.27277156117302,0.273471911056792,0.275133562963052,0.276262943895734,0.27723293009261,0.27909895670303,0.280044675524593,0.279982265533188,0.280280217025063,0.281048843129993,0.281396509915521,0.281683408508206,0.281278462446907,0.279846569511987,0.279603255924291,0.280010898257565,0.279690627438131,0.279306327432829,0.28046266560763,0.281634749773912
"59868",0.730774895704963,0.737420645428441,0.743849448930731,0.751565757857509,0.75934468023787,0.766112961198341,0.776787451605006,0.786639650929537,0.795227925521383,0.80515249734118,0.818251660378753,0.83037362951424,0.8405859932288,0.845767630482864,0.850446943918351,0.85822309659121,0.867414243661724,0.880263261266617,0.892089576162527,0.904510030057324,0.91685170521099,0.925771977531217,0.936525155570814,0.947446181017291,0.957045330293275,0.969028651722513,0.980123126537008,0.988387359966585,0.994926645814351,0.997353474977455,0.998593267073601,1.00201771320777,1.00639105556036,1.0152158339452,1.02208534412914,1.02828695138903,1.03467401020737,1.03869486219666,1.04224135294047,1.0453435964726,1.04806446413585,1.04783639690636,1.0454184857874,1.04322578357735,1.04486919202083,1.0467276996028,1.04653604015338,1.05130084151588,1.05985200694911,1.0692389574192,1.07746402172264
"59869",1.06330286401935,1.07219190524491,1.08085163911915,1.09097053909772,1.1001257028983,1.10927639990451,1.12189054176157,1.13579274269681,1.14724709027707,1.15971288569747,1.17874957234,1.19521374430538,1.20994239348832,1.21597500688283,1.22193484027615,1.23189680196773,1.24582947107717,1.26631014296033,1.28422181862191,1.30209096265963,1.31937240074851,1.33155648067494,1.34607976013495,1.36118544208169,1.37406906966065,1.39104730011325,1.40865448788362,1.41961203209331,1.42960884386905,1.43260007937526,1.43266420420973,1.43700255580998,1.44467525826791,1.45795397372561,1.46716730276293,1.47658753448488,1.48285859279031,1.48631702599217,1.48888056570365,1.49255869654663,1.49640775839493,1.49604233592561,1.49135306763644,1.48871648999697,1.49110785602142,1.49720417719271,1.49711299655997,1.50511072972177,1.51720762942428,1.52948969674388,1.5407027870543
"59870",1.23140899444115,1.24157856194777,1.25066504121087,1.26017931347078,1.2688996217806,1.27876208905852,1.29312687481683,1.30829796668307,1.31900373701947,1.33302967735722,1.35397979711882,1.37415502185803,1.38845009899669,1.39543645852538,1.40110854214778,1.41363254674397,1.43098981845292,1.45587933058524,1.47551106822713,1.49624416241794,1.51500984156354,1.52912670524615,1.54548374464194,1.56252878595106,1.5764427585384,1.59529854550734,1.61545074758712,1.62540732727731,1.63656111374491,1.63847000496156,1.63819024889619,1.64265872573972,1.65330228876986,1.66998971920833,1.67857885229865,1.68729534814743,1.69159332817939,1.69365680632192,1.69877245731259,1.69945004028317,1.70199522065576,1.69971812875915,1.69337407708325,1.69086560327812,1.69551908845469,1.70053077308188,1.70252928908548,1.71269285039155,1.7264099393087,1.73717747890852,1.74728239125546
"59871",1.38280755188389,1.39359989350032,1.40262044417933,1.40934005570227,1.41920828568531,1.42967346693293,1.44379660999687,1.45877051019528,1.47039244093359,1.48584455277685,1.50783389077619,1.5285181922849,1.54297696065386,1.54939689070133,1.55878158087969,1.57278998901898,1.59296862747613,1.61930878674561,1.64075894022227,1.66146713123949,1.68196314256791,1.69612937399164,1.71180679130056,1.72939532357541,1.74431758576873,1.76112146933753,1.78066966732033,1.79142212612725,1.80026209030321,1.80142118473382,1.80009114365788,1.80250741526311,1.81390827093877,1.83087889488676,1.83599728902532,1.84414270386943,1.84568916639521,1.84654112269783,1.84815886532799,1.8488075952263,1.84843271340361,1.84682196374871,1.84047258990634,1.83900923850869,1.84164140167988,1.85168284436523,1.84876210044587,1.85706730878028,1.86923608783566,1.877397859312,1.88540377021616
"59872",1.01702676321693,1.02267773983827,1.02895616238239,1.03390531322919,1.04170552864125,1.04926676325742,1.05652036878959,1.06722591353176,1.07703778871737,1.08733521121135,1.10046965971245,1.11364291424494,1.12449219751799,1.13032255430655,1.13895548092862,1.14871367004687,1.16135125510803,1.17778101629687,1.19421897177922,1.20738048550351,1.22141974421511,1.23192000656005,1.24208200508327,1.25371247383868,1.26406326111536,1.27386718043441,1.28680620292459,1.29382170986253,1.29898906944063,1.3016108064396,1.29998515933964,1.30060214882795,1.30798110381445,1.31887551729271,1.32017109449201,1.32658194480496,1.32948425768361,1.33025609127866,1.32825109325112,1.32853640640053,1.32677522800023,1.32741833198819,1.32366941265393,1.32184802247381,1.32098789837618,1.3263941396024,1.32355312481955,1.32607631009961,1.33089077177023,1.33420267787036,1.34117776116145
"59873",0.447975612831942,0.451912062106333,0.454527857789663,0.457822517990783,0.461397802928955,0.465497942627747,0.47059032591622,0.475400117990032,0.479497650934463,0.485310226275728,0.49150472266293,0.498143262008439,0.502707375510186,0.504716714317079,0.508362039530172,0.513587962311556,0.519134439791439,0.52786535389594,0.534390920146396,0.541454227717469,0.547843680200827,0.552942264664241,0.559088057861449,0.565418690896664,0.570498828999591,0.576479071925381,0.582186602167139,0.58600316208624,0.58895664666836,0.589296596654777,0.590825744770223,0.591547351517599,0.593905555728513,0.5986395057673,0.600940877780825,0.60361739302134,0.605725539874157,0.606225727455801,0.607149626093485,0.607688737404716,0.608171540771,0.60741000779803,0.605664548001238,0.604072247919424,0.605334006595305,0.607014830689772,0.606112756346325,0.607470963183071,0.610145389762502,0.613085345899506,0.614943284288622
"59874",0.288332165474276,0.290657343023857,0.292487435437731,0.295006256756523,0.297778498856234,0.300503572982268,0.30420185888268,0.307818340810836,0.310616501909519,0.314355054231873,0.318756272420728,0.323408672940913,0.326739991075361,0.328417502550767,0.330485707094021,0.33384920300266,0.337522166302016,0.343361976261624,0.348026562245496,0.352876787547237,0.357251399174309,0.360992469775294,0.365554779875107,0.37002192771682,0.373950220064145,0.378663010979481,0.382905783759256,0.386111691017997,0.388583912155257,0.389243905161644,0.39053287448791,0.391720505446397,0.393625170939753,0.396767020815136,0.39893673723743,0.401053161773148,0.402879673409965,0.403568486922534,0.404820508627482,0.406015880644358,0.407118219385975,0.406921329600463,0.405884152408203,0.404935631561466,0.405519083995881,0.405910580637784,0.405582249859995,0.406082060482903,0.408121063291753,0.410779463939353,0.41191896403595
"59875",0.279962524435177,0.282184167849988,0.283865220736776,0.286282413663172,0.28887085888162,0.291525064177911,0.295157230560615,0.298684703877876,0.301624079236482,0.305436687052256,0.309969021096283,0.314598958435231,0.318104825430228,0.320002081289595,0.322245318685541,0.325606734146201,0.329247010900545,0.334906084013627,0.339546403109454,0.344387773698799,0.348906629074854,0.352619403732031,0.357187853013907,0.361801580084692,0.365851106308332,0.370786963337211,0.375406086318692,0.37885535405889,0.38150783734404,0.382419967011412,0.383679672858048,0.385185317637859,0.387259083204876,0.390513876797705,0.392807483478017,0.395052489735154,0.396942330462374,0.397919561037311,0.399341452060613,0.400841306602882,0.402079909286102,0.402257473717897,0.401489238171054,0.400815200970064,0.401582492109971,0.401936771728155,0.401299780808668,0.402073426898874,0.403930345361022,0.406441480416201,0.407642371682239
"59876",0.222887128943694,0.224521108112604,0.225716607007585,0.227411728330228,0.229237414624152,0.231222836451801,0.233940879798487,0.236424350620547,0.238849372934513,0.241753498615604,0.245195920542119,0.24879010602352,0.251408941405502,0.253272263441439,0.255474109485105,0.257666300022167,0.26069452931108,0.264577534246072,0.268133031342244,0.272024103552552,0.275583207563348,0.278249297603257,0.281689182101445,0.285025423178151,0.288022011432588,0.291603546569505,0.294820160046597,0.297673383643251,0.299783655557999,0.300615332942814,0.301443168216085,0.302331343469476,0.304107461477662,0.3063799392026,0.307959973153056,0.309909664536423,0.311402864996321,0.312370754937156,0.313155304987715,0.313865613227361,0.314691799704029,0.315061885456455,0.314530472024584,0.314144339410475,0.314699446682976,0.314678409579589,0.314341814304251,0.314723071263441,0.315739777196792,0.317254071057626,0.318230597501767
"60589",0.711373700612239,0.717282735975506,0.722940450373813,0.730361709005157,0.737557310330907,0.742774808266316,0.752631930606873,0.762279349438258,0.769934867517835,0.779737843016419,0.791982525941987,0.805170153872129,0.814689533710892,0.819165970177131,0.823253581948446,0.830763321073387,0.839810658302601,0.854515169619475,0.866768447648183,0.879760302864434,0.891877920076936,0.901673948799507,0.911824805759162,0.922940050156599,0.932255772611136,0.945098266213927,0.95597522475757,0.96561514896224,0.971590210899674,0.972931753798515,0.973776895668971,0.976446283492443,0.982401837579606,0.992573076939932,1.00031603051222,1.0061559568946,1.01251817724208,1.01451313406161,1.01905992907406,1.02162367707599,1.02329235474161,1.02226907567522,1.01888324946183,1.01575356535005,1.01858513496279,1.02204315203877,1.02462637121636,1.02876362421957,1.03827708928929,1.0488717541323,1.05706772966526
"60590",0.89009477975851,0.896402508334626,0.902976570332921,0.910512951878212,0.917835232720761,0.923270658502065,0.935095021013443,0.945949359166221,0.953513428094053,0.966153925613282,0.981297269815957,0.99609431374983,1.00700353145253,1.01153909475968,1.01715939888536,1.02698434472515,1.03888370038227,1.05708044875406,1.0717382038696,1.08785599460595,1.10201558725186,1.11329381146762,1.12510892811864,1.1383278976594,1.14925643088321,1.16448016189834,1.1766157255098,1.18636705382378,1.19360604801508,1.19422814282862,1.19489276669586,1.19758284678118,1.20455039026152,1.21638533107724,1.22389116186754,1.22896671006783,1.23438800540145,1.23604817376138,1.23985638454503,1.2414007154403,1.242291014298,1.24039531038083,1.23623832054584,1.23343025376764,1.23737769910902,1.24102458948364,1.24312119528617,1.24973143266657,1.25965872922084,1.26911828792228,1.27550542393358
"60591",1.54681922434866,1.55504780892135,1.56557852589269,1.5764229904058,1.58578913970899,1.59525733924558,1.61400691306088,1.62792928157936,1.64147939711913,1.66307039830609,1.68663351777672,1.70778865007758,1.72540770000152,1.73488775568252,1.7490107367211,1.7636240617645,1.78479285421808,1.81051945650503,1.83519943501687,1.861250337556,1.88256766828369,1.90008854373793,1.91831103599902,1.93790451382694,1.95620841451541,1.97670341264844,1.99096683617632,2.0064081145603,2.01926553925876,2.01780216792237,2.01433151766879,2.01956706949481,2.02662418168211,2.04345398696462,2.04973238639461,2.06030468207235,2.06882607809339,2.07163781943693,2.07155031317286,2.06926934341488,2.06926661889353,2.06749426376054,2.05970686789673,2.05554189541598,2.05925884495036,2.06207280187167,2.0664281860506,2.07331532832043,2.08031927612179,2.09194874174116,2.10239828483084
"60592",1.04978935213549,1.05099836211938,1.05441963337837,1.06481284911847,1.06703349686577,1.07164126387243,1.08075696949629,1.0862374769498,1.09512684562205,1.10470165297,1.11534256180321,1.12638558512824,1.13715324802861,1.14821975195859,1.15747780064193,1.16399349172284,1.17573727859256,1.18528981508467,1.20140043265015,1.21762704102363,1.22955954079846,1.24044726166182,1.24841440011581,1.25992673064539,1.27014450972347,1.27731962963802,1.28234048214314,1.2928431648317,1.30278485372157,1.30532207448374,1.29993804864032,1.30053839339351,1.30456406765832,1.31475994262685,1.31341775484374,1.32080713513108,1.32686339302363,1.32891399497084,1.32584272295495,1.32046327040627,1.32108734378175,1.32151503666595,1.31694844702225,1.31366149776537,1.30854000778268,1.31402310361697,1.31387072795492,1.31199439923226,1.30835279209094,1.31491446539575,1.32322099277624
"60595",0.157493866024015,0.158679873265173,0.159688168973266,0.160940091444316,0.162532210406808,0.164015878857728,0.166100527184515,0.168136540403019,0.169811727976773,0.172009249633953,0.17463738277558,0.177161853623894,0.179251352009,0.180551176973999,0.181690486764789,0.183506274052156,0.185576735050146,0.188822776754149,0.191570210833565,0.19445340815308,0.196995500276492,0.199127100515702,0.201555800395222,0.204200868291046,0.206539676048053,0.209197078429064,0.211685568504516,0.213782660168529,0.215460953435617,0.215988020655405,0.216326515879949,0.217306110661199,0.218527270481184,0.220430558363037,0.221876130566957,0.223216936123957,0.224392797883843,0.224742717231129,0.225500159221526,0.226097693270037,0.226892745238621,0.227042213019528,0.226643544664415,0.226302063349778,0.226713413966945,0.227663835219735,0.227494886115796,0.227649511354464,0.228493898412574,0.22988969475061,0.23092649698828
"60596",0.141942412765638,0.143034206919886,0.143897242558116,0.145029223355128,0.146413101575715,0.147684956609542,0.149599857362238,0.151444515241662,0.152880868247907,0.154894215846571,0.15728224632086,0.15954968005002,0.161424866590158,0.162500898744693,0.163704373213215,0.165440275427247,0.167250406799167,0.170269194462922,0.172636190366185,0.175242723469834,0.17759095371599,0.179542741704106,0.181743420981126,0.184031034254469,0.18611409891053,0.188641278759722,0.190870536252501,0.192740512899912,0.194250194406972,0.194777245995998,0.195178263285542,0.196104772971862,0.197198335827447,0.198961832138934,0.20025931246905,0.201463052892111,0.202548959106429,0.202887984568643,0.203732241210719,0.204137364330452,0.204887234805283,0.204976442986264,0.204700119633601,0.204512808650231,0.20509759793137,0.205756714598992,0.205536393814807,0.205747593820311,0.206610077389872,0.207738513493903,0.208582256127463
"61311",1.86902602722184,1.88084724433221,1.88839737568108,1.899393722408,1.91355145768327,1.92645640746241,1.94144637921798,1.95869132262658,1.97803574347238,2.00230163814466,2.02382593997764,2.04419926046183,2.06455555242868,2.08431622433687,2.09614823715177,2.11540758142615,2.13604810743185,2.1684551156423,2.19508113951697,2.22559038219759,2.25332348429306,2.27522089027736,2.29561163350501,2.32265253721522,2.33662830670182,2.36137725219457,2.38479218253709,2.4023329267565,2.41299053512222,2.41088449180193,2.41915926133286,2.42590008895576,2.43281841830685,2.44206849720701,2.45827436613111,2.47016683793228,2.48085811511217,2.48037649414191,2.48073429124313,2.47873057832645,2.4745221866796,2.47101666810435,2.46698198147494,2.45875557670866,2.46536000267918,2.46701893040418,2.46984436359496,2.47393344358049,2.48121300261598,2.49448192051094,2.49901157795576
"61312",1.63894017391904,1.64663665284489,1.65443015014669,1.6630652604163,1.67530885443921,1.68527596625058,1.69734574176773,1.70992908427734,1.72776112248545,1.74856892327459,1.76286935245778,1.78255947002237,1.79616440029951,1.8164586700759,1.83150730402273,1.85047641726268,1.86492196509537,1.89208669067475,1.91516040195101,1.93803445577726,1.96062272324466,1.97935079467391,1.99968777034224,2.01870997649195,2.03566793860684,2.05020554854169,2.06526585338052,2.08172428163851,2.08938900198273,2.08754378855927,2.09418351202584,2.0952487895216,2.1043113856058,2.10838684086369,2.11751269977691,2.12837318820444,2.13802276722705,2.13645974645954,2.13263331730943,2.13113716121708,2.13319907837945,2.12475480269926,2.12263684241521,2.11710553425987,2.11294887945177,2.11440028065498,2.11682194956269,2.11673914901526,2.12214267011064,2.13103228442907,2.13599310386388
"62031",2.07265275744212,2.08198888334648,2.09410729054477,2.10472712471147,2.119484639635,2.13323144509814,2.14699813545383,2.16857242378687,2.18475819064991,2.20549044642372,2.23256939740436,2.25641375231128,2.27867152670381,2.29117267741544,2.30569230585218,2.3260685635091,2.34408740832731,2.37462100483986,2.40831799109955,2.44031449663722,2.46923271395286,2.48911632824138,2.51434943725113,2.54106597374827,2.56189665247776,2.58848025867059,2.61567631185637,2.63185214130861,2.64545547757675,2.64931154715521,2.64705945842666,2.65705285031218,2.66625573821287,2.68386111736621,2.69742567973755,2.70632185375167,2.71211348384502,2.72008499132757,2.72285899498486,2.72310329930352,2.72425852275558,2.72501476682598,2.71620310459469,2.70720658616255,2.70789689788697,2.71160962068865,2.70982170972419,2.71266221725115,2.72192346432951,2.73680923011756,2.74064465904913
"62032",2.0129205437097,2.02138909075707,2.03146729380695,2.03771059525667,2.05237562526697,2.06627077028652,2.07840133957467,2.09496754499542,2.11216514605099,2.13328993325263,2.15709000667222,2.17790047491253,2.19581536129644,2.21609674491159,2.23085852095161,2.25350559099593,2.26854564652472,2.29609258699576,2.32682872064459,2.35350253457307,2.38027510115873,2.4060262463532,2.42523044229778,2.45154187068447,2.47102169202024,2.49269312858049,2.5162214475729,2.53172720422507,2.54362149223623,2.54744683161357,2.54836474160093,2.55550889063703,2.56672701222543,2.57397459293138,2.58814633242867,2.59678610266412,2.6064208698554,2.60889874305089,2.60970898532914,2.61253105727116,2.61115635863537,2.60554397722594,2.60261979760486,2.59646395941551,2.59490566989088,2.59931582548832,2.59869152154454,2.59949601154804,2.60588801182588,2.61659969409836,2.62255610275385
"62033",1.18335171142935,1.17723215925184,1.18075832930719,1.17782247145998,1.18372000974776,1.19094585932339,1.18792069501164,1.19687645839848,1.21139184545994,1.21726666369026,1.22442151967959,1.22848155831817,1.24435840164621,1.263208759245,1.27617800230251,1.28356577741652,1.28492912124743,1.28918691370799,1.30993355855635,1.31986563854672,1.33460044658242,1.34928479227815,1.35301337030969,1.36547336113015,1.37397421401776,1.3797131806844,1.3903572161846,1.39930655149158,1.40452832929401,1.41352565197467,1.41748898451575,1.4219986973226,1.4212602684835,1.41812138563805,1.42341855318024,1.4285349476108,1.43681603519252,1.44055567685106,1.43510105123108,1.43793652071365,1.43311279242194,1.43799761563501,1.44223824752157,1.44050569855474,1.43110323779568,1.43093851376516,1.43202030038466,1.42744176789284,1.42547982563961,1.42707173224368,1.42523424096609
"62751",2.06657399975265,2.07915632000781,2.087826417206,2.10073756115978,2.1155586652771,2.12587557482296,2.14334911252458,2.16457621980704,2.18049007439319,2.2013100818905,2.22272072623525,2.24995870534847,2.27057548842789,2.28236151770215,2.29286126591184,2.30815136239611,2.33382249985474,2.36208896068738,2.3913586616151,2.42362322740511,2.45138343967278,2.47481609086931,2.50092869623055,2.52588726324255,2.55040256371115,2.57527982213878,2.60102244260182,2.61490938157892,2.63118921073614,2.63465401739246,2.63952081343571,2.64469532233853,2.65915697583988,2.67668999185764,2.6902520872944,2.699155965492,2.70863829757916,2.70993621146586,2.71551138521651,2.71807358112352,2.72355544296002,2.71730421945695,2.70999240093904,2.70547659432747,2.70340121978019,2.71027077019888,2.70644303062732,2.71367971075907,2.7228838741967,2.73670996843592,2.74494996629991
"62752",2.22459599365466,2.24017514544092,2.2441270694053,2.25585704983118,2.26884260926361,2.27676363868987,2.29476847218614,2.31346100715396,2.33446268872809,2.35633142583773,2.38081362378936,2.40364057531658,2.42644585241221,2.4353156765565,2.45398951995834,2.46691171351049,2.48952859057793,2.52336851012672,2.5536862003289,2.58414994683669,2.6136596531887,2.632235855184,2.65809429915654,2.68108440407087,2.70721626927246,2.73244885674253,2.75528760524433,2.76903127709143,2.78401391910744,2.78547977580539,2.7933688926871,2.80203688491231,2.81219131820266,2.83570770248329,2.84014435178349,2.850586007061,2.85929241753956,2.86222138581226,2.862900246493,2.86500520959233,2.87087625763102,2.86855352041894,2.86364916714674,2.86029702775326,2.8575734147867,2.86591380817767,2.8592153540998,2.86750353494631,2.87127632910195,2.88548241985684,2.88524930106869
"62753",1.48852240692249,1.48508864259094,1.49109972801366,1.48808931350175,1.49445654794333,1.49669150032443,1.5005980922704,1.51214547745199,1.53089080319198,1.54210465454987,1.54740172307392,1.55462844016665,1.57708190966197,1.5999879061451,1.60667624797843,1.60845674290646,1.61497197561233,1.63055745360304,1.65865584286928,1.66754706499755,1.68117151361754,1.69483580586619,1.70587979912957,1.7188912571859,1.73550951959992,1.74238197594955,1.75342352418108,1.76183715212091,1.77328784373059,1.78458859160893,1.78840771871619,1.7902891508654,1.79030104572712,1.78778833396643,1.79683477295058,1.80099582605143,1.81067391438454,1.81074459937779,1.80275498568063,1.80823069594131,1.8145274352272,1.82050249258392,1.82366881628042,1.8221490307916,1.81008512288449,1.81498863669378,1.81084794754863,1.8161853649249,1.80826511495154,1.80795063747653,1.81326107383157
"63471",1.66932410168884,1.68092325142527,1.68755986896195,1.69940229886657,1.71143479034154,1.72079276132395,1.73878457163638,1.75382438748204,1.76518387949785,1.7817581569994,1.80680152406402,1.82787087497168,1.84123674408418,1.84440979305445,1.84827538111426,1.86284480878975,1.88195610382492,1.91361578157167,1.9358806749953,1.96166905628463,1.98264909725108,1.99867154603211,2.02205006954681,2.04676887659504,2.06325459298666,2.09251783460992,2.11308293422774,2.12919732765926,2.13639697446124,2.14026929301128,2.13934050647942,2.14720701798481,2.15762562100251,2.17944942847987,2.19296591526296,2.20529950300859,2.21471041893479,2.2160267987085,2.21840830637861,2.22506360790517,2.23062258150091,2.22757085652759,2.21929358168121,2.2130261469044,2.21833587155843,2.21658743867771,2.21567489412032,2.21875471105282,2.23376190102945,2.2477388773908,2.25658452482981
"63472",2.52264446363552,2.53669152466077,2.54348095148467,2.55381375278864,2.56183992091456,2.57695316305468,2.59940080037601,2.61918427933946,2.64040118823333,2.66581858565287,2.70226048584174,2.7282555652708,2.74788942296861,2.7563196884807,2.76170340977621,2.78396585522332,2.81075477972787,2.85707037187451,2.88552636959129,2.92106241621578,2.94585263591811,2.9654662295674,2.99369112751421,3.02533335201985,3.0522568015865,3.088732663262,3.11577942968399,3.13345356372135,3.14077502471757,3.14957435565297,3.14566158489134,3.15948667916022,3.17220960693332,3.19866843569893,3.21426370703088,3.22241503781331,3.24090245970928,3.22478200379022,3.23518051804971,3.24130416805806,3.2487437008221,3.24769821117745,3.24019975942791,3.22840115690087,3.24141342258995,3.23949031016883,3.23282962806872,3.23688338512539,3.25068496939114,3.26326898429289,3.2657353828939
"63473",1.24206826347727,1.2367589634858,1.24394021555689,1.24448163552816,1.24753338193305,1.25181295720732,1.25492978656605,1.26458522521341,1.27955386954034,1.28874554106313,1.29528446114592,1.30444368922666,1.31682583281125,1.33264387884173,1.33567534932332,1.34525052628422,1.34956336332839,1.36190578659595,1.37832650181264,1.39457580990525,1.40392519019505,1.41050257053801,1.41806857651192,1.43479873233416,1.44825868572781,1.45262838920261,1.46766529106217,1.47644320288751,1.47948424651006,1.48971711130342,1.48958136921733,1.48974397126914,1.4941662179756,1.49558247580507,1.50370929860119,1.5047627851304,1.52004337794869,1.51357098696904,1.51402313771969,1.51215725946592,1.51650380961779,1.52407310082362,1.52514776062832,1.51508797304093,1.5101917478881,1.51063486621012,1.51124243443102,1.50600244560363,1.50492908373469,1.50738091027883,1.51381598342032
"64192",3.26256295508865,3.28343498938216,3.29662626400889,3.31045029678163,3.3300068662193,3.35222402355494,3.38003153737194,3.41462406453243,3.43531782827759,3.47501507000482,3.5193477681612,3.55263253964071,3.570463028974,3.58032885872594,3.59615735254585,3.63181849365433,3.66174328702546,3.71076357478247,3.75491026013508,3.78667835318354,3.82027028170948,3.846394617103,3.86663470558457,3.91896787081722,3.94315213772167,3.98847168699277,4.01129791977279,4.03098110148553,4.05928652249769,4.04432859875227,4.03792052201635,4.04786874488134,4.08215496164716,4.11551935965887,4.12601551852166,4.14540229034503,4.16055630032548,4.16834885556927,4.16981533578122,4.17187551842671,4.17233298654052,4.1701044250301,4.17386780946768,4.157623732996,4.1719179169207,4.16333020059038,4.16511448382462,4.17261483326999,4.18141342565774,4.19929363552275,4.21079917409631
"64193",0.905048527993858,0.904150148907201,0.906032212932673,0.907295339410089,0.90992686670931,0.916964005179075,0.917054990066775,0.927612499784935,0.934314628508405,0.943716027873906,0.948522113003906,0.954721091721731,0.963103532575394,0.975299941397198,0.977263499676338,0.985469732420515,0.989749035228586,0.994900162726452,1.00798899002179,1.0155208294492,1.02530051899665,1.03318316154622,1.03306566531985,1.04763497057513,1.05795853808482,1.06015474689569,1.06920267768793,1.07508135976083,1.08436502605968,1.08302121605671,1.08343477353614,1.08808002598512,1.08874358391063,1.08998803894718,1.09526466734006,1.09907735813516,1.10548142235407,1.11107373272652,1.10961783413028,1.1096243047752,1.10462222435618,1.10915543226374,1.11591035388673,1.108485801065,1.10448792392563,1.10234441341274,1.10411368884309,1.10288183739209,1.09874705043276,1.10129431511285,1.10703001937856
"64911",5.07610832752434,5.09374133394044,5.11638432658491,5.12977017067722,5.16811590506173,5.20502876892209,5.24324449506502,5.29740255900062,5.34000238428878,5.39792316844979,5.44875180117152,5.47320653065913,5.51497455249327,5.55091259049429,5.56439075159159,5.58512775966972,5.62999385195244,5.69773887367003,5.73262797097162,5.790658410066,5.83639049846142,5.84655985165329,5.89242276858631,5.93750576280126,5.97485791278525,6.00292832946541,6.05378772603239,6.0806334563087,6.10939705065566,6.10557406815687,6.11625869248732,6.13997108632449,6.14506315367134,6.17295971784907,6.2054079159301,6.22900326989393,6.25209722891768,6.24986101203629,6.2590593840677,6.27213667528415,6.25953913234491,6.28561218397255,6.25634978323609,6.26161016640617,6.26434771531348,6.28024951312461,6.26319911935757,6.2635931961867,6.26518780796318,6.27632708730791,6.28209742027244
"64912",4.40624038129317,4.42790291130296,4.44743435008712,4.46434811813204,4.49278607796065,4.5282846082346,4.56069950461845,4.61105902757438,4.6458247802123,4.6984000433814,4.74021251333882,4.78634715144048,4.79883155599004,4.82430643208338,4.8457263522154,4.8677550051601,4.91199554808941,4.97409134812531,5.00969154123311,5.06279836738571,5.10238847383244,5.13653898031532,5.15235697528199,5.19418925050969,5.24097752690101,5.25888099340085,5.30795286176635,5.33458913036939,5.35473924605397,5.34519996681268,5.35458634374334,5.37603132344666,5.39008417597327,5.42116970763162,5.44546359429786,5.48316702480054,5.48589917924699,5.48779063119808,5.49122382659034,5.50072430019983,5.4925328210259,5.48792618428322,5.49215930766346,5.50326138148322,5.50532176542922,5.51842386105104,5.50763399548082,5.49715939683587,5.50763555154351,5.52605853199188,5.53774208968292
"65631",5.40070636751625,5.42925649648721,5.44042908131552,5.48809745797235,5.52548782056556,5.55793984920226,5.5871339193233,5.65094744311533,5.69748624397466,5.73359726381082,5.75389778408763,5.79254913309159,5.85207131996103,5.85704887331446,5.88710498290265,5.91252952645338,5.95528648970769,5.96911979458263,6.04803718885954,6.06996090763787,6.12900433837206,6.14458924994118,6.19887606671585,6.23511664227985,6.25781188378123,6.29786295390325,6.3581894065349,6.39350687281744,6.41647817421454,6.42962632322385,6.45791522235238,6.44994160757336,6.46273888167467,6.49907759602457,6.53196460514848,6.54412144384638,6.56272023905607,6.59820833346446,6.59854321625688,6.60367082154201,6.62981446218251,6.62040572829872,6.60972477940307,6.57946328021375,6.57673066677326,6.56213572270778,6.5515113447902,6.54020114856117,6.52655020090845,6.54591389806144,6.54545023872776
"65632",4.83157266606067,4.8428834644878,4.8557533258882,4.89173763281721,4.92685481756228,4.95637175939939,4.9974293492542,5.04672515476534,5.08766558870933,5.12295429350156,5.13842067243076,5.19497020510469,5.23716490187658,5.24598998892164,5.26356286482485,5.29885857950126,5.33690651357515,5.36553179624105,5.41132216304262,5.45071435644775,5.48295138159228,5.50883087123649,5.56332246741326,5.59866417638031,5.61799132917838,5.65721227921418,5.69775093048817,5.74044144473958,5.75598012793715,5.76486325510572,5.7900141079244,5.78836266587203,5.80111592896371,5.83146586916649,5.86868878021397,5.85612661268978,5.87813524075845,5.89840405380672,5.90748824670516,5.91073955068738,5.93351149232449,5.92730256330439,5.90148905348082,5.89616443125235,5.89956828564667,5.8989587967005,5.88345772453938,5.8771094660564,5.8749793893903,5.88773889500724,5.89006980605891
"66351",5.65988213284872,5.67922459911945,5.70504093158563,5.71223999520949,5.74729335416987,5.78344410285245,5.80776781524935,5.83462868198061,5.89367762118855,5.9199600614684,5.92517805793839,5.96858773367895,5.97615419140217,6.01013566937734,6.04722952852398,6.09007363711251,6.08695891413655,6.11762760408091,6.14942951022971,6.21494879245767,6.2450685810112,6.2833130140804,6.30428584298488,6.36338100899757,6.40123155429024,6.44653275132334,6.4837613783142,6.52157648346929,6.53496939005865,6.56420864668597,6.59599139614911,6.58405157090793,6.63867736087452,6.64081978225876,6.63970459985355,6.67324249148756,6.70084430554434,6.72907983358872,6.73673348524278,6.7296475584214,6.75258455576831,6.75591705356948,6.76380371304844,6.72641664033034,6.68895535887221,6.6657270166182,6.65924419685795,6.63525257031891,6.6449038321136,6.6460763337753,6.64399458604331
"66352",4.67511854382537,4.68063846715478,4.7074176475894,4.71813301406846,4.7438590002917,4.77037096270441,4.78356191150888,4.81519201196966,4.86335438320413,4.88393944712993,4.91821771902635,4.94674061203282,4.95849421019926,4.98352560266753,5.01816949602092,5.05760535719239,5.05053269804234,5.07154956456378,5.11069800577633,5.16269461745542,5.1800491746816,5.21993725285898,5.23363314981947,5.27729532595744,5.32299974589691,5.35776924982165,5.3962364421811,5.41607503884871,5.41993719274763,5.45633229027573,5.44993682630163,5.45558701131888,5.4986517557639,5.51600970206683,5.50560601344619,5.50576643111516,5.5523563126354,5.56357876764042,5.56551760303362,5.55699159902486,5.58197251513968,5.57837758408101,5.59186380919322,5.55910347876596,5.5464411720672,5.52145401315563,5.5068016500092,5.49331914382053,5.50722938569098,5.50172435351229,5.50179930724592
"67071",5.7786448302475,5.75608897844568,5.76702902060143,5.80916834597364,5.84102670846279,5.84642532799677,5.87696413002955,5.91536968812815,5.93542309520492,5.95482107411653,5.98558472152135,6.0160282923719,6.04028261117716,6.07106799013229,6.05967631087858,6.10736874934532,6.14841962764268,6.15380250038073,6.16892766131783,6.20519632855671,6.21820640999034,6.30927064884041,6.32830901999769,6.35210697799817,6.39340658731974,6.42713641923791,6.45994556093719,6.51497981873909,6.55879689545967,6.57685767276047,6.58100306923214,6.59910021719891,6.57976967962379,6.59257814316095,6.64107995817295,6.63996631688597,6.65565919121662,6.67240457842235,6.69907663065559,6.693855284163,6.7079457256249,6.67034872520212,6.68473525012066,6.68479735232809,6.6274041574455,6.62743129977015,6.61779729564527,6.57281095359931,6.54345669963306,6.54451926919631,6.56115623447602
"67072",3.46916308219879,3.46150472966865,3.46809891428581,3.48463588005478,3.49353871795064,3.4879299491438,3.49984258337545,3.51927952521428,3.54839733733885,3.55508052745328,3.58291077965327,3.61613746467477,3.62198394104203,3.64210163876002,3.6315752374985,3.66131546071136,3.68512164997697,3.69539154258606,3.7282264717696,3.7356642490111,3.7495431030468,3.79735520696415,3.798867907691,3.80764427593136,3.84944857939525,3.8805859911688,3.90445072898957,3.93407295959195,3.95076062681666,3.96369035332443,3.97116433863925,3.95857099712263,3.9573244168315,3.96506169267727,4.00137458584221,3.98674218422026,3.98832937919409,4.00590744432814,3.99216788831174,3.99674500339613,4.00220517278796,3.9685650011947,3.9947515845603,4.0004886970871,3.95929395710515,3.94766783386042,3.94784643493242,3.92072841415277,3.90858341619136,3.91984260368359,3.90661979090181
"67791",5.7950158756983,5.82531750810561,5.82196358052094,5.84542446117002,5.87304227069294,5.91082322885451,5.90671942502123,5.94074400070593,5.96716287944247,5.95945435391331,5.97616479930357,5.97675290873094,6.01491190692338,6.03707762302558,6.05541507977774,6.08174966583629,6.1271699102281,6.11641758759973,6.14039043698948,6.15113478789974,6.20397596967071,6.22124482278805,6.25291220437522,6.26128316906615,6.31471040455758,6.32287151586191,6.377515683397,6.41663061806544,6.42980559480477,6.4678315593678,6.52101874874246,6.5025050855316,6.4792091837917,6.49957011895779,6.53316401673425,6.53683811519024,6.49439565795188,6.53865315730279,6.55004161570873,6.56953781316478,6.54376631010613,6.56610292871462,6.56865260677972,6.55718729455902,6.50177735667917,6.5051519551389,6.49359273607656,6.46035726021313,6.43961373439675,6.44255533495234,6.43603174669518
"67792",2.88995967906158,2.90954085854826,2.89608678768323,2.88764725034839,2.89618307415334,2.90861699949462,2.92908075547678,2.92079124852571,2.93015176449914,2.96371783999231,2.96847944196998,2.95006977919491,2.9592747809259,2.96600564000434,2.9884197514207,2.98194100953859,3.00222029279518,3.03397751690389,3.02812090589555,3.03328604526364,3.04817444082402,3.04475479877283,3.07425254050074,3.09413425199791,3.1005779071593,3.12415355735414,3.12373365695844,3.13891816141086,3.1654933525842,3.16840503539738,3.1976562298524,3.22531281210985,3.22567760125499,3.22033170480858,3.21206694454849,3.23717204384989,3.24402214557783,3.22724016536905,3.24340864435212,3.25388847259085,3.24954111337388,3.25618121090318,3.24397818455065,3.25988749835717,3.26597576334043,3.2442456554307,3.23545346153727,3.24475544593362,3.23955069256444,3.2180503814139,3.20298679500868
"68511",5.84642948542969,5.8600680494648,5.86502288245676,5.90685655257899,5.93491025237005,5.96717887720241,5.95973119865559,5.96513669039591,5.98411923119279,5.96790827458162,5.96603351878367,5.98232397885048,6.00426117318127,6.02746091147587,6.05000489317644,6.08728935928631,6.10472189889174,6.09601712650717,6.12279343015241,6.1415434720142,6.18047105093727,6.19008327239494,6.20119334892069,6.21041491413127,6.23509439786786,6.25075223871408,6.28480895041825,6.32677104724145,6.34429605872626,6.43364123350405,6.41936200232838,6.42101998586616,6.40605705261912,6.40431434797873,6.42802628243663,6.42142075699403,6.41267141011124,6.43305867312636,6.42458144974835,6.41670531969462,6.40238235831393,6.40965636755759,6.43311077272064,6.42342816542388,6.40652355677318,6.38306800660851,6.38407184032644,6.35301123289026,6.31756212409726,6.29581150615887,6.3231028159575
"68512",3.59639213344781,3.58557160525368,3.60465076826603,3.63208527051251,3.64063827309208,3.65289510854853,3.6473272924824,3.66804740712824,3.67716460993228,3.67829008654111,3.68962320700144,3.70951688372065,3.71989492049594,3.75149241246821,3.74549073574979,3.75976758225477,3.78207470327468,3.78927234015564,3.80589798672181,3.83122378472147,3.86618866611686,3.86585590236492,3.86827289167762,3.87390735550616,3.89674808331409,3.91111294651139,3.93070718417368,3.93938750442678,3.97067074192543,4.00589500917562,3.99373854073656,3.99152693941997,3.99459910398319,3.99332122727855,4.01343619103255,3.99396614067328,3.98597537742211,3.98808223274922,3.99354972000014,3.97872481739264,3.96060333607153,3.98050439520189,3.9837119412428,3.97861335733889,3.96752896143169,3.95799547438864,3.95034083094374,3.94340404122561,3.90181261915743,3.90897742371775,3.90970838601194
"69231",5.81483230231461,5.81668665941951,5.8145824491262,5.84750703164501,5.89031201920746,5.87963462056458,5.86392319743615,5.8804814334556,5.89029564961105,5.8891516270003,5.86351979826837,5.89237512163089,5.91141132310101,5.93898625569646,5.96311415794774,5.98573500104534,5.97778905235468,5.98673036308909,6.00010454561845,6.01679033680417,6.01722000253713,6.03749764582034,6.05325402762363,6.06323710405678,6.05938348610885,6.08104473551824,6.13141100436909,6.1466004001003,6.18046883790156,6.2177263871156,6.23194595893403,6.24612170633163,6.21803665959476,6.23101434000107,6.21622292637845,6.22152109348484,6.2217014835257,6.23383310587343,6.2200044126171,6.21714251797457,6.22788354536985,6.22835593271746,6.23763077835326,6.21838491996713,6.19671935206737,6.21968057070132,6.18210539723784,6.16760152988664,6.12799794371017,6.1144075811145,6.13640702405318
"69232",5.06939557203877,5.07898716625135,5.07765381619142,5.09945915462317,5.14171418215093,5.13040336630854,5.11190835352092,5.12495229616632,5.1398655122142,5.12879438899044,5.11238504191328,5.15292400508269,5.15919844282201,5.17237646473914,5.19662349881101,5.21942281213826,5.21836877370844,5.21732516385528,5.23849891680349,5.26289673275495,5.28306921884765,5.28012660987372,5.30268368151854,5.31048538485585,5.30920081889752,5.3272780325044,5.38676346073668,5.39897590053668,5.42717548407038,5.45691541437903,5.46781316396457,5.4590830038783,5.4341185891953,5.46218143182833,5.44500679841982,5.44876809209135,5.46650347700598,5.47777633616759,5.45537251912405,5.4526523411826,5.44599505942138,5.44690741353958,5.45469077292904,5.4417272190747,5.41818728594002,5.43166956938727,5.40804974666122,5.40119251841861,5.3611278885617,5.3639469230249,5.38320735285571
"69951",5.4942668041178,5.49150861146711,5.48678760875924,5.49652940706736,5.50870924416907,5.49699063290856,5.47722182530978,5.4772716675419,5.48205251702493,5.48237350021633,5.48453195961763,5.47839827313641,5.51102259808079,5.55297717173684,5.57006864611892,5.57689537609661,5.56058973268724,5.58558490440719,5.60363736812739,5.59985599813067,5.61520444307953,5.62394666252743,5.64810470245865,5.65590155806231,5.64250728822712,5.68266529636527,5.68942060062947,5.7329505538134,5.75882020477513,5.80818415586118,5.834522277046,5.85102545310449,5.85765692071255,5.83511334589718,5.83997260325111,5.84305277707498,5.85224039590386,5.83023223510108,5.81649709665354,5.80390058359143,5.79677224919197,5.82101834388947,5.81560497828311,5.79629034540218,5.8247163362406,5.78667594067329,5.80837603809893,5.78084711880495,5.75424242318276,5.70970893280593,5.71531605084094
"69952",5.14715438129642,5.15528892577815,5.15077115296347,5.16709163895812,5.1782372860578,5.17300528637748,5.1445148252935,5.13272512496709,5.1451310893066,5.1275520943806,5.14259443741239,5.13947880651391,5.17587003744794,5.20672813505965,5.2264705105984,5.22994208999832,5.22595111621834,5.23869945847588,5.25898039152583,5.27182626685553,5.28024757518941,5.28991748554788,5.30607910438897,5.30749282765613,5.29613284947107,5.33191125502999,5.35751745528354,5.40968116100171,5.41454531603719,5.48049679950016,5.47841262185444,5.48340578344062,5.50057490091655,5.47635997022459,5.47250319263401,5.48440894275059,5.47829746281866,5.4691131197917,5.44911555964317,5.44907135870373,5.45319969106763,5.4618404512879,5.45728228970045,5.4366550423531,5.45433600846649,5.42947350879012,5.43071455286721,5.40929657195567,5.39211302377047,5.35171082851527,5.37429090091164
"70671",4.73609107009615,4.75342846948721,4.74751879240814,4.74426651395485,4.70950664497903,4.68939196744958,4.67651564620313,4.67545642096121,4.68146174168081,4.67746141666824,4.67696292536923,4.68424106423968,4.70814188444331,4.74455513313097,4.76556259774878,4.76731471109036,4.7676890879079,4.76129360638515,4.77812741092129,4.7981769358869,4.80867919541766,4.80749556773979,4.81382707775641,4.82732500333386,4.86885179071333,4.87912556598646,4.88281967524256,4.90937570957048,4.94782858296317,4.98663808992434,5.02805965526529,5.06107994352514,5.0654703303107,5.0473726386527,5.05505714772149,5.0525823543321,5.06235636545839,5.07301815755813,5.05957516468086,5.03764053600145,5.01984030979629,5.01654272117186,5.02599921461124,5.06224924490064,5.03110182135304,5.0380783836934,5.04628740754546,5.02338826081284,4.99928475826218,4.96505480902745,4.93991236452764
"70672",3.89489131213049,3.895142458313,3.8912229992997,3.870518575361,3.8551291649883,3.84431499946595,3.83482945458593,3.83517038473417,3.8392503221275,3.82836288188117,3.83271424393054,3.85483382715037,3.86463681038026,3.89701590469049,3.91316338797737,3.91896497765854,3.90786261405733,3.90674416383185,3.91503839845624,3.94123203622616,3.93809757641102,3.94788685130674,3.94791805335896,3.9640592981248,3.99962776516846,4.00610245263569,4.00715939512526,4.04134924910788,4.07402588941164,4.11075513964421,4.13810772000571,4.14221742625114,4.15081608520221,4.13377608235506,4.14442182115779,4.13013602229306,4.14227854813737,4.14640328206926,4.14309067924609,4.12158633984209,4.107224744664,4.12249020487543,4.12014017530866,4.14069941050123,4.11526261550914,4.11785037139511,4.12927889705543,4.09780237911596,4.07552459446518,4.04883284601612,4.04137347236462
"71391",3.29849703244181,3.30803210505006,3.30625244120415,3.29075606880913,3.28057603982021,3.26730304988325,3.26110782255414,3.25440814585887,3.25624834248909,3.27322281947025,3.2792551411373,3.27453306762453,3.27981037923611,3.29054631308523,3.31173156545108,3.32430038220303,3.33356029454109,3.35244150354614,3.35341756063755,3.35805113227663,3.36492837285996,3.37221657061459,3.37857073155296,3.41571919903211,3.42694311670462,3.4458847866452,3.46451481206681,3.46223197477373,3.48304625801447,3.48826500268364,3.51913462504398,3.55251092147361,3.58458472005411,3.59751653719871,3.58997071534568,3.59453615048058,3.60237146247233,3.59128995192747,3.60165043605551,3.60017926972017,3.5951106506,3.58419884512973,3.58643697728436,3.57372926715432,3.5850132292909,3.59347157298539,3.57999233788555,3.59074123114152,3.58752974101791,3.59062102117828,3.55737884417567
"71392",3.05207622211092,3.05089358539857,3.05052856819509,3.03944621526114,3.02973923618062,3.02276190501129,3.00876738358777,3.00328972090539,3.00845004837495,3.01654793075194,3.02114093223497,3.02292179787177,3.03932911326777,3.05459790869351,3.07152583099209,3.07479566120636,3.08345320349058,3.09617013451075,3.09961208723405,3.10399509633963,3.12113007799709,3.12265390751963,3.1361441226686,3.16519872516783,3.16964808055178,3.18648616033463,3.21569090482268,3.21860517058582,3.24683614659182,3.26232772393639,3.26804110212595,3.28942214325005,3.30492845263222,3.31131882133464,3.30727201557644,3.30729102687532,3.31397837557778,3.31375577261055,3.31339565743502,3.31330238870656,3.30544666630682,3.30243743347787,3.29712841375531,3.28177268343098,3.29255034779426,3.2997806806583,3.28791729745815,3.28773854741543,3.27363327268853,3.27142301767713,3.26733044795313
"72112",2.14558544444444,2.16400689652203,2.16620726407085,2.1687091449368,2.17679934027809,2.17504085735255,2.17819133904869,2.18465087005407,2.18553183653094,2.19459526458718,2.20096525855868,2.19996442771256,2.19646220615092,2.18992942010525,2.20330255788037,2.22134920271121,2.23326333737832,2.24778664026334,2.26348661341881,2.27284362390215,2.27933928179876,2.28630459985732,2.30315409916941,2.31550831413619,2.33141082380819,2.34631602856581,2.35401773031232,2.35958890927756,2.36285808038069,2.35986340831358,2.37383099132339,2.38945993577953,2.40889070745446,2.42972222899729,2.43030441171194,2.43560543872799,2.4435548548645,2.44511383175743,2.44041875961678,2.4413516893312,2.44468295423023,2.43160483109989,2.42494736186647,2.42221713332863,2.41536284484645,2.40988197036292,2.41088132543229,2.41892265492206,2.42646011431646,2.43577875102678,2.42602926519554
"72113",0.973299198638415,0.977905887725352,0.981012104790264,0.98394980338892,0.986457520350752,0.989538044668696,0.99244419281008,0.995999140986328,0.998769722612285,1.00079368643038,1.00408027570851,1.00615637007907,1.00649836152407,1.00421629025016,1.00663951212042,1.01260123970261,1.01704899295084,1.02346764039465,1.03126595810673,1.03731204047466,1.04161887945869,1.04479648184959,1.05052669757972,1.05669100020954,1.06238912199799,1.06944613917367,1.07549387293517,1.08078947595464,1.08261893797933,1.08360005177316,1.08477484739893,1.08731104646226,1.09432832784599,1.10316578911356,1.10644285134514,1.10919521073943,1.11306211753254,1.11544103268852,1.11374694442117,1.11318157873067,1.11264005847789,1.1118824708245,1.10943516878354,1.10707246364085,1.10437421692476,1.10150586401345,1.09955267441033,1.09906080144318,1.10101729607571,1.10540712263997,1.10736033857103
"73553",0.95580234078152,0.960242213531753,0.961832238127847,0.965679327748065,0.970096934042537,0.973542112254414,0.977830266041732,0.980947406846345,0.984136968772654,0.988275272768455,0.991988177130601,0.993637201602413,0.994039813482574,0.994948129250154,0.99727840197142,1.00302157649662,1.007299847451,1.01320277810775,1.01820614781596,1.023484889306,1.02815487460569,1.03061424058385,1.03470419983444,1.04048783081676,1.04499988194174,1.05123761802666,1.05634077825146,1.06146657419095,1.06667477674827,1.07027076638298,1.07407179246231,1.08001657990895,1.08707580715486,1.09276173994716,1.09619113428022,1.09854922714819,1.10253957071579,1.10402080532175,1.10578044067459,1.10661097769297,1.10727807136358,1.10737628502333,1.10740041950977,1.10606934735184,1.10615555143488,1.10640580176159,1.10557567576499,1.10566020401208,1.10743879460057,1.10765800776286,1.10877439072928
"73554",1.08796829709172,1.08485005324357,1.0888416447919,1.08830164385699,1.09074321449105,1.09279915877044,1.09197406861011,1.09300546922638,1.09908322128302,1.09842468705242,1.10331147654366,1.10898997465297,1.11623393995406,1.12500066779247,1.13262892189191,1.13256506513601,1.13462640173061,1.13848798095304,1.14353971240539,1.14917370097327,1.15547785815599,1.15917628173603,1.16131911034598,1.16953833482655,1.17539355961351,1.17935650123727,1.18906081239057,1.19990117423541,1.20617303260225,1.21208606598979,1.21405577402623,1.21913781994985,1.21414751487903,1.21332493557469,1.21393940268227,1.21546984136083,1.2143783573363,1.21945785506853,1.21604481651968,1.21272787894665,1.21338203758852,1.21524707269103,1.21344635194496,1.20811321962941,1.20540263348292,1.20499680494006,1.20286862809383,1.19930352909427,1.1936363209321,1.19907709068218,1.19627467503243
"74273",1.03126792073599,1.03570431751035,1.03702092672807,1.03950580110763,1.04356024955381,1.04615201728015,1.05088139329887,1.05505945620339,1.05820534614273,1.06229386369757,1.06724525567286,1.069453078807,1.07124978942827,1.0721961953825,1.07409431029813,1.07816449633605,1.08194977981516,1.08898281424643,1.09503468245883,1.10003506513695,1.10403870335084,1.10676316060357,1.11242998563434,1.11861601092517,1.12318854019899,1.13087550426566,1.13628462090779,1.14044626223722,1.14616548268822,1.15082038506778,1.15561322274546,1.16133092192209,1.16842758014937,1.17559220905622,1.17960160620756,1.18384077273604,1.18892793584383,1.19082088505912,1.19183519204742,1.19350825286865,1.19450884226031,1.19349051849973,1.19301762065105,1.19414179743878,1.19576875677166,1.19683233104664,1.1962434559862,1.19699089943121,1.19732153444331,1.19817354651361,1.19732924497776
"74274",1.76475952970577,1.77163687797642,1.77203203918202,1.77427498537403,1.7794852724723,1.78174753178275,1.78418919347024,1.79141391024679,1.79494383145088,1.80471056030313,1.80893198326951,1.81298231135881,1.81935436568694,1.82430327337118,1.83113295929264,1.83956119758991,1.84444129516929,1.85727031291315,1.8652069979164,1.87181924493778,1.87904553979541,1.88413772224328,1.89562239466411,1.90459963002998,1.9123690693822,1.92789122237725,1.93795784958814,1.94570344949465,1.95728194512732,1.96369755915696,1.97427029984549,1.98155962305753,1.99258423722531,1.99922712974968,2.00347817971927,2.00719645612088,2.01426027498546,2.01473651840385,2.01593817372803,2.0164332438853,2.01500037353434,2.01490658270078,2.01313017136212,2.01542161933093,2.01750747996441,2.01376364158732,2.01053460267289,2.0111014401102,2.0101836223473,2.00720667985906,2.00617569088625
"74275",0.978321171191055,0.974460231333481,0.972766406976823,0.967597726678201,0.973531797250692,0.967516422808562,0.964285908917896,0.972393901078486,0.972089038451765,0.976261406568698,0.978846352865017,0.982943093495545,0.992126391144455,1.00390693716979,1.00973769853399,1.00521318481732,1.00559513742218,1.00623145671196,1.01556054873902,1.01684495734792,1.02069636311941,1.02577646840521,1.02402544965283,1.03412813419708,1.03491679150648,1.04821813014162,1.0570595337993,1.06175238713383,1.0726451652188,1.07496612484778,1.07555327691394,1.07500845059457,1.07523460431242,1.06617714276694,1.06837726293903,1.06897763134218,1.06997366728134,1.07285019828196,1.06889478080337,1.06429499960574,1.06462723910998,1.06645943884953,1.06937709086469,1.0629808352847,1.06318639646619,1.05197740403583,1.04966904957575,1.04602732720144,1.04003538544805,1.03720316159039,1.04612423599898
"74276",1.26199350626339,1.26167283538755,1.26195407285694,1.25237777890856,1.25587671887302,1.24964302384747,1.24597807354001,1.25295193725923,1.25523843500947,1.25997597080344,1.26233081643842,1.27077266132139,1.2776629113248,1.29035065652948,1.29761439039662,1.29922159153599,1.29930684990709,1.30078275931312,1.30642140773541,1.3132708031102,1.31655441414943,1.32022320553933,1.32129576483764,1.33465005548791,1.33636632701545,1.35136143854178,1.36378568804616,1.36922373909388,1.37824688690235,1.38329139734445,1.38385937752062,1.38106308833138,1.38740236518146,1.37764633272028,1.37885629189357,1.3780042685399,1.38193177837484,1.38231841754459,1.38262031799886,1.37889910870257,1.37901002153558,1.38290631141757,1.38295558366707,1.37522794706143,1.37430676801194,1.35987713639253,1.35563213493101,1.35374422607375,1.35136321701916,1.34761015745982,1.35424684017871
"74994",1.55940511193403,1.5661712498187,1.569205735933,1.57314042014563,1.57861923594511,1.58132523088661,1.58767950607486,1.59320455921819,1.6004727855158,1.60722598612698,1.6153781507688,1.61988867638742,1.62279804877349,1.62492166461063,1.62832019906459,1.63697240756678,1.64512843602885,1.65448436568587,1.66292111608914,1.67298099459159,1.68042876343639,1.68430231752868,1.68985585137967,1.70143899167333,1.71100742711822,1.72031243753841,1.72785633025234,1.73350055174747,1.73888313372297,1.74562047673805,1.74909922651546,1.75929142068153,1.76660148348882,1.77621419688961,1.78110189025288,1.78651215871027,1.79008248683625,1.79089576555219,1.79303612534783,1.79298731831143,1.79427023250829,1.79247199704239,1.79392987392543,1.79309584617408,1.78933530640147,1.79201034164229,1.79103326569569,1.79250387266148,1.79230289517385,1.79422692266031,1.79515715449876
"74995",2.19007496873091,2.19907164922513,2.20293084018867,2.21422826813723,2.21434764315218,2.21747841478236,2.22915920690528,2.23208805087141,2.2408797609672,2.25027543264851,2.26266148126279,2.27100024286334,2.2776744583133,2.27972460729813,2.28797521691668,2.30534829780521,2.31472352034113,2.32759435844689,2.33810745655827,2.3528394594332,2.36567384519445,2.36803590666359,2.37751222781732,2.39051842755334,2.40632030806017,2.42052061515324,2.4273850982716,2.43902859732384,2.44911564283673,2.45696709023753,2.4589721764312,2.47226054955828,2.47575829433499,2.48787601744538,2.48829929098479,2.48761668642144,2.49367648291183,2.49509258696038,2.49410887633213,2.49374996230477,2.49433149145454,2.49276579879402,2.49437925694358,2.48796753387143,2.48017783173164,2.48251963600587,2.47896435121554,2.47685177596796,2.47656052426916,2.47973224324188,2.47907625443031
"74996",2.00124092553015,2.00324997630468,2.00536765551986,2.01273825089826,2.00690363330565,2.01009982309594,2.01116903028508,2.00860455670069,2.01479499218739,2.0199404618025,2.02954381088499,2.04080718281563,2.05795205112022,2.06317421764795,2.0717210102508,2.08981979583922,2.08973136058813,2.09544459985133,2.10275157480181,2.11796325994351,2.12421604867874,2.13114373844395,2.13801445920147,2.14890838685091,2.1652619872271,2.1727778566098,2.18558441417468,2.20308046091286,2.21640129773457,2.2223653675687,2.22465895862548,2.2341120740598,2.22254362428784,2.22989903527784,2.22689543728662,2.22351360044651,2.23048719173438,2.23267999968897,2.23038471352106,2.22534605612428,2.23320238523098,2.22446627390817,2.22830742062194,2.21798452143184,2.20700620237172,2.20970261790573,2.20293438915927,2.19587314234643,2.19135992577204,2.19728787611154,2.19525443742008
"75715",1.88008848684985,1.88804616567388,1.88877099334618,1.89401640805159,1.90453930481285,1.91154100167407,1.92004777871876,1.92858540189272,1.93802316518286,1.94798895329006,1.95669551091333,1.9614320065205,1.96312599170159,1.96917122728759,1.97539099827384,1.9854316974037,1.99743212144879,2.01069123172953,2.02095905811635,2.0290762549435,2.03800525666288,2.04408739509736,2.05746932665894,2.06711788448779,2.07734947392594,2.08778475371566,2.0978771874417,2.10615088842727,2.11198289110183,2.1187873294431,2.12641159832942,2.1326581555293,2.14212885759674,2.1483326708913,2.15115699359241,2.15241503341156,2.15825070062402,2.16142083412855,2.16165696285363,2.16300820466481,2.16296493666114,2.16365135921869,2.15758399694655,2.15601935371376,2.15178043999985,2.1476826259558,2.14219611332321,2.13937576891464,2.14209476336671,2.14328794647,2.14129215576879
"75716",1.9023778044073,1.90711340198826,1.9107386237786,1.90771444575397,1.91462370009442,1.91651325399098,1.91862044717699,1.92304166400158,1.93396992003425,1.93757362467378,1.94604339571648,1.94957497745187,1.96334658203543,1.97610074947562,1.98980753914709,1.99541945911781,2.00366999903635,2.01322324891732,2.01416546801486,2.01917161529813,2.02575673819604,2.0302622374302,2.03865159014785,2.04600912809717,2.05698375564856,2.07138401968841,2.08223091318304,2.09441573199189,2.10393666098864,2.12009984681998,2.11880571374973,2.12079945565755,2.11548682091553,2.11426866584442,2.10943145830806,2.11598588285576,2.11648199667254,2.11625615140048,2.11450917655911,2.11490323065181,2.1169387965585,2.12164509054577,2.107457431557,2.10660148945154,2.10248862531209,2.09489445275094,2.08684479592666,2.08130628362551,2.0716766317925,2.06972270478863,2.07316684137522
"76436",2.45215082686918,2.46200063376291,2.46475548160494,2.46843406409206,2.47682217921764,2.48462105972254,2.49057786105749,2.49297309431191,2.50029481805177,2.50898353923119,2.51738363484163,2.52793408533389,2.533382785845,2.53967710089946,2.55099274733743,2.56349886573199,2.57557775354948,2.59103288718088,2.60691783627199,2.62072085192466,2.63127800911283,2.63581628384284,2.64060708434399,2.65705683049204,2.66594162771304,2.67773655315123,2.69410787138999,2.70779410219532,2.72212457406551,2.73349444181418,2.7418590925647,2.74912380318352,2.75455342068548,2.75850586107708,2.75771886777725,2.75601170317563,2.75795415521509,2.75943563312318,2.75490620661953,2.7532740514961,2.75401845451776,2.75206171907853,2.74797102780024,2.73661527387433,2.73256781381542,2.7216426961494,2.70713956274806,2.69550122267976,2.68402064592243,2.67693062190763,2.67638392265391
"76437",1.66810457450774,1.67366847709775,1.67533361658856,1.67053199859181,1.67147498085225,1.67177453411979,1.67131928956928,1.66806880771572,1.66936751443033,1.67202783409643,1.68304414044522,1.68865005834712,1.69969703583966,1.70610558916158,1.71951876135779,1.72291396516024,1.72581435678546,1.72998016289634,1.73901476519916,1.74920684041867,1.75990696300609,1.75783721000127,1.75747937608491,1.76967982665474,1.77767531761525,1.78542746723228,1.79931912329728,1.80997720833347,1.82384036866185,1.83376070749537,1.83051592735455,1.83612780950761,1.83376844568789,1.82798557548087,1.82361219846105,1.82275977570947,1.82196861449928,1.82724311765123,1.82211616110684,1.81927879070375,1.81667721887311,1.82116812805907,1.81561606496725,1.80693371729706,1.80181159980945,1.79292317800834,1.7779873510942,1.76925518204086,1.755458635796,1.74943644836876,1.75253033088365
"77156",1.74431517646735,1.74839284234616,1.74945634190757,1.75291467846593,1.75852899466582,1.76055403643018,1.76608678786562,1.77383254006482,1.77567921939091,1.78027301169701,1.78442356936209,1.78801768409531,1.79585407986131,1.80040226599652,1.80303882844355,1.81336167275431,1.82278554757015,1.83220195328806,1.84224170513666,1.84742287294051,1.85547429352222,1.85787590004073,1.86849388234778,1.87901079842973,1.88382275825539,1.89410398716392,1.90213943103706,1.91225823630884,1.92448279372327,1.93302558199973,1.94290711013386,1.94882895117321,1.95546577604152,1.95845655652321,1.96008310994896,1.95688807337406,1.9585988718372,1.95964712990058,1.95943902709497,1.96045095362152,1.95914737723144,1.960642709597,1.95708379290006,1.94816495267535,1.94308365262281,1.93075776141462,1.91711391683808,1.90663729084958,1.89867802508234,1.89257581264908,1.88241226930987
"77157",1.45685501789339,1.45787808883829,1.45783795308288,1.45833948840514,1.45854193835249,1.45491585997751,1.45501918590295,1.45600539665814,1.45381997570902,1.45482120412793,1.45943830943641,1.46284767817558,1.47019873353468,1.47687789881301,1.48014726563785,1.48914792159779,1.49503508424545,1.49753975251662,1.50311460816324,1.50662032827715,1.50987892402237,1.51314401707912,1.51574204922636,1.52218006902208,1.52622705263474,1.53631506303103,1.54223684566705,1.55406118902818,1.56617770745914,1.57474620724395,1.57661255652944,1.57792229932022,1.57727004689076,1.57540568275737,1.56974090833999,1.56310486599254,1.5634508918579,1.56386755099981,1.5655499563664,1.56490757898676,1.56586801706433,1.56702341659904,1.56492508501224,1.5539902491157,1.54791713428017,1.53079693365226,1.5187782932276,1.50826585386144,1.49874085162386,1.48955170340728,1.48590812962429
"78597",2.45601434764831,2.46196892801255,2.46245904094352,2.45958120517573,2.45881265861136,2.45566720949731,2.44718677777636,2.43189880206667,2.41920175051198,2.40825241817876,2.3967781395607,2.38278719619736,2.37113275029191,2.36074177711178,2.35034479442841,2.34797375381604,2.33888346051863,2.3331108739062,2.33137036621704,2.32973440139367,2.32494936152512,2.31888005718308,2.31263573302739,2.30734212976142,2.29920770006808,2.29628189912219,2.29514832355045,2.29896548754564,2.30447848453836,2.30485201182692,2.30059647002873,2.29689917226537,2.29033587447374,2.27546670427724,2.25819908523982,2.23821779294766,2.22523579694054,2.21275814104048,2.19646112369018,2.18266311353398,2.17057673546939,2.15633073669941,2.13987763300138,2.1253532088106,2.11167461703615,2.08419572054753,2.05870944167996,2.03114040090923,2.00265611932204,1.97780474729703,1.95867205906581
"78598",2.01704295022064,2.02249357957691,2.02190543514488,2.01875126389339,2.01548370655786,2.00689055347639,1.9937334066581,1.97213927258391,1.94919937744766,1.92829776465475,1.91434257642578,1.89975160306525,1.88791861841611,1.87784186650134,1.87427161533693,1.87349737400657,1.86961613212928,1.86576509118794,1.8623469575473,1.8581179738579,1.85491133469663,1.84757712090457,1.83336215744556,1.82105298035287,1.80851338241323,1.80260570634017,1.80336843778418,1.80745114665764,1.81650140588762,1.82425323560217,1.82274280819391,1.81936574907851,1.80893435334305,1.79422430016045,1.77316312280074,1.75416094517721,1.73849778871332,1.72352229911206,1.70850243781432,1.69444160608637,1.68167304043505,1.67049794495435,1.6618709309158,1.65365506448904,1.64423053086319,1.62327925985579,1.59947243644359,1.57507980257218,1.55062867315029,1.52777541291874,1.51072514829767
"78599",2.37999707027557,2.37844506533422,2.37143546744549,2.35820343723712,2.34729893571956,2.33169071440282,2.30656364359495,2.27876454342218,2.25350750190856,2.22956566195783,2.21944667050451,2.2073708270013,2.20352371824964,2.20128886672534,2.20809052418231,2.21138420410722,2.20169250605275,2.1922113937207,2.19396301851859,2.19402676014999,2.19759855677565,2.18970336241953,2.17986016700359,2.17080985351365,2.16193732137014,2.16158631336035,2.16800748525091,2.17453279316879,2.18932388296981,2.20043338424922,2.19454971054312,2.18929307478267,2.17330945600276,2.15448157176434,2.12630446517504,2.10094995538999,2.08827158675329,2.07586176254552,2.06167500816802,2.04367405253359,2.02701247644354,2.02167443506739,2.01002315136184,2.00426478271655,1.994152980676,1.97283053970736,1.94359945482467,1.91661349435651,1.88872047176474,1.86355160542543,1.84779163860627
"79317",1.85094195997881,1.85566699622351,1.85668871368642,1.85811322021458,1.85761123830028,1.8538729529453,1.84615016465902,1.83734065671004,1.82464051218963,1.81201630865756,1.80012566034694,1.78976580230502,1.77867436936357,1.76849022163475,1.76340805573883,1.75566821939816,1.75232434347297,1.7484133528114,1.74406539181462,1.74089185561106,1.73914190595344,1.73193100217359,1.72314404760906,1.71332976991685,1.70535553094234,1.70058339121555,1.69947782392249,1.70075993172453,1.70397353066407,1.70736955965873,1.70674324293282,1.70142334220362,1.69243617663578,1.68552406670806,1.668771992268,1.65598579033177,1.64360983695139,1.63245075024129,1.620235766936,1.60808248153922,1.59713370285081,1.58849577939479,1.581163806944,1.57052945080884,1.56031454157732,1.54043246429967,1.51635646178907,1.49250813128051,1.4712669529521,1.45147094880384,1.43332500050281
"79318",1.91496574115954,1.91778929236674,1.91727810788873,1.91396252301602,1.90604429902901,1.89228260633071,1.87787645171515,1.85695261323762,1.83174949752277,1.81090424532062,1.79516446930089,1.78093169528391,1.77073925603393,1.76044478949794,1.7580238147278,1.75588864388039,1.75417799663685,1.75049232195939,1.74581567568327,1.74256530097694,1.73812578195132,1.72805044979235,1.7126506833784,1.69705728234366,1.68859405479446,1.68437933589503,1.68194616031943,1.6887072581562,1.69962760776823,1.70803817341649,1.70770720539662,1.70270371128,1.69278157961461,1.68065629523803,1.65811528360839,1.6361940207813,1.61570095875999,1.60168538490953,1.58740069838282,1.57163380069084,1.5603652353706,1.5529532432602,1.5507545041491,1.54262743165583,1.53302618929159,1.51490060100979,1.49142188086887,1.46496108368974,1.44030455818849,1.41518191582318,1.39805448651785
"79319",2.72009941453798,2.72216077987671,2.71802158792531,2.71133194928844,2.68295422974492,2.65474796356826,2.62327802599806,2.58606466061706,2.54537938525669,2.50866797478798,2.48753827115819,2.46900643277524,2.46135187378004,2.4524786987279,2.45511056309332,2.45634783850866,2.45853193861628,2.44861157984189,2.43812867457857,2.4318958979996,2.42365270830378,2.40717003666413,2.3863137734855,2.36381442224984,2.35375545074667,2.35113138708694,2.35253021055741,2.36861201787815,2.38908996238616,2.39886058302092,2.40498917228661,2.39507902401346,2.37621230554209,2.35337018018966,2.31951198732047,2.28402869156761,2.25155267669817,2.23608674767836,2.22254740893139,2.20709343004027,2.19550434326215,2.18849379031069,2.18619966508934,2.17483192634734,2.16898864344205,2.14380582380431,2.11314468054366,2.07484757371191,2.0377363212302,2.0081787769867,1.98198989291397
"80039",2.61759115578752,2.61535150353082,2.60487750369112,2.58491496766838,2.56360352251108,2.53118110188795,2.4940504262713,2.45032482096562,2.39827304308718,2.35041539668129,2.32415159667371,2.2992689932448,2.28516760029882,2.27178535643399,2.27217732014838,2.27430360511617,2.27046446854747,2.26219316516508,2.24903091455166,2.23779537903784,2.21824855033865,2.19535416745936,2.16837938803726,2.14554468269407,2.12373900322814,2.11753039374498,2.11984559364685,2.12844329194503,2.15233862153894,2.1674006952853,2.16822168420312,2.16176799814341,2.15053566812884,2.12909459415086,2.09567232604511,2.06317683920037,2.03346529716345,2.01366097253202,1.99841408487562,1.9880032191205,1.98110540898323,1.97739441359517,1.97803667844494,1.97806304155982,1.97148669131352,1.95086667942731,1.91958554014317,1.88587131300744,1.85096057680016,1.82130491612822,1.80286278423596
"80040",3.76690441527899,3.74758973050064,3.71907648743432,3.68598612230276,3.64245015863999,3.58798693659746,3.52424447867298,3.46064678908925,3.38455286429081,3.3150255720875,3.28691276391654,3.25953331851328,3.23932476656894,3.22118446731426,3.22071159949056,3.21813395656718,3.21019719940548,3.19126588899358,3.16704527827316,3.14544037434752,3.11152372451303,3.08337310085229,3.04810422127828,3.01200668482846,2.98819281055178,2.98696303217195,2.99430353384018,3.01170153106704,3.04231937082499,3.06401042753104,3.06262274257799,3.04583479478362,3.02184023488059,2.98851731017318,2.94319694625168,2.90610308122643,2.87364271218005,2.86134140921929,2.85148210425255,2.84418009415607,2.84038886226963,2.83623232731601,2.84498725315716,2.84464510242103,2.83524282202231,2.80067789815534,2.75475287639422,2.709603535551,2.66722126683215,2.62995050501332,2.60965557920348
"80041",4.21598742011629,4.18678229203756,4.15784099568165,4.120660770063,4.05721900916274,4.00040973688484,3.92823043546601,3.86056038686604,3.7713403765915,3.70524179720068,3.69422422073108,3.66386808187286,3.64988361125376,3.63643665399432,3.64334406020148,3.63690461473052,3.61945370723182,3.59177790310547,3.5592620591128,3.53741811392879,3.50037438387986,3.48037797673109,3.43310580842704,3.4030994568721,3.39106121562274,3.40133502326744,3.41784492396726,3.44326120697579,3.47661070155029,3.4895830949738,3.4794801236376,3.45104600923579,3.4196065425439,3.37745798344349,3.33066204246965,3.29754030468726,3.27346591918729,3.27400709798655,3.27229323218159,3.27043843064254,3.26949391311531,3.26900828115585,3.27409877988123,3.27185255697905,3.25729390495011,3.20602862689834,3.15822006976614,3.10563132624778,3.06519473521404,3.0324861692003,3.02296933710147
"80042",3.44254474473128,3.42297771550774,3.41521338819448,3.37783711327872,3.32143486235006,3.29553066975354,3.23635300735998,3.18051110114158,3.13541804220224,3.0979215190185,3.07807777653842,3.05805933254919,3.05094482336195,3.04457860062504,3.04054413888952,3.01900549830762,2.99662770317038,2.96204657014203,2.93420446685923,2.91713189061087,2.88678084134616,2.87115729054276,2.83359765326236,2.81463150008986,2.81441274171185,2.80893935909481,2.82256254031502,2.83032977616684,2.84248047062769,2.85114758758041,2.85831873632439,2.83728583934404,2.81915696939277,2.78980573987362,2.76833679113458,2.75369838379716,2.74501572409741,2.73709854432205,2.73060812817677,2.73116187706831,2.73307710140518,2.73269273810743,2.726649962917,2.72753779629994,2.70810479641436,2.68340770921387,2.65821792450184,2.63304985805614,2.61230412974022,2.59462272901843,2.58925069322832
"80043",1.91954462195499,1.91486463165308,1.90673126539797,1.90792655958077,1.90122582632962,1.88281076100292,1.86960526278682,1.86072239898018,1.84673914529769,1.82575222651932,1.80477904862616,1.79314477254637,1.77630522831336,1.77277418011869,1.75611570090842,1.75190450960077,1.74064822398369,1.74382085645729,1.73334262970569,1.72405220539695,1.71296110560761,1.70016366281686,1.69368869088889,1.68063292248606,1.67323327841845,1.66144701007011,1.65793770845099,1.6509591786107,1.64728168607829,1.64876393640026,1.65274293856199,1.65041268812594,1.65047501511874,1.64286132905647,1.63877493446193,1.63493399468915,1.63807226113988,1.62328459853947,1.62033653490858,1.62293333828144,1.62479716472951,1.62048040674119,1.61863400352512,1.61520996831116,1.60911000833655,1.61194511353894,1.60627883144488,1.59857945906382,1.59516799772953,1.58914124507032,1.58361069043067
"80760",3.03999522862941,3.03587984046845,3.02349436258397,2.98986871491808,2.95424322828565,2.90922973573752,2.86349647437579,2.80006684712717,2.7300484920566,2.67975726032952,2.64742275353261,2.61691160778696,2.60054848847413,2.5820554686944,2.58422396961176,2.58175773783578,2.56496791942335,2.54148389075743,2.51734377657368,2.4861101260702,2.45821544120558,2.42051090180821,2.38596219932133,2.36560381273006,2.3424535412378,2.33514025180922,2.33756154588663,2.34711007633437,2.3670301065879,2.3738971485325,2.36724504422431,2.36172522874288,2.34484407720293,2.32338134412828,2.29310196880467,2.25979355677665,2.23801990995516,2.22721790384353,2.22192338427459,2.21240160415964,2.20724231934495,2.21071285121176,2.20340519391444,2.19719589676586,2.19348809810032,2.17687630388721,2.14695192741117,2.11466619127884,2.08486694447705,2.06189106522062,2.05604261532531
"80761",3.97731633465883,3.96582857129703,3.95672491962511,3.90983449280269,3.86111165675092,3.80814881034445,3.76200039908755,3.68538164690313,3.60578892420683,3.56144688599081,3.51291381483719,3.48659031009254,3.47236526190558,3.44348349947717,3.44249551575884,3.43512246759014,3.41103476139204,3.36963247184671,3.32967864608863,3.28921733480371,3.25737776756731,3.21548423353543,3.17778928169437,3.15344109182542,3.13036790728581,3.12739721116901,3.12865803323022,3.14152911908704,3.15956663768144,3.1519167032042,3.15138457144028,3.13971795576972,3.1215394595517,3.10510311495173,3.07806195387313,3.04393978039604,3.0209924377354,3.0200697387295,3.03156685545935,3.02032304365235,3.01139503026883,3.01772084255378,3.0075148312501,2.99945519451881,2.99382864355498,2.97309562873493,2.93526410460605,2.90577962949577,2.8788818240097,2.86756596539429,2.86280932594432
"80762",4.09704847678513,4.08683408010024,4.07800332607794,4.03921575301371,3.98247287119313,3.92815028061282,3.8845177074602,3.81600605754676,3.74414259950185,3.70930902238861,3.66686976745992,3.64437587667691,3.62970560163882,3.59224176032156,3.59020369585167,3.57416159454411,3.54513735441715,3.49297035516531,3.45740142242306,3.41305671919115,3.3862200289962,3.34093665042668,3.30507094687951,3.28552036599666,3.26453091948859,3.27168541488315,3.27114329472478,3.28361689709248,3.29766599523886,3.28580278531588,3.28524765134281,3.27226455363397,3.25779379713939,3.2502629614347,3.22310482226521,3.19881255798093,3.18019905641572,3.19486132974554,3.19988302776909,3.19538464749537,3.18499907303494,3.1947664226364,3.1825893758064,3.1723644159367,3.17231583725385,3.14134526647927,3.10697764865621,3.08126662289516,3.0600053210815,3.05354190278979,3.05206751441427
"80763",3.81116139941223,3.79841333508275,3.79049333214559,3.75006372185448,3.69837429622385,3.65960154372373,3.62086181893889,3.56354730035369,3.50924279299687,3.48285844158164,3.45474672572146,3.43587625045404,3.4228417672338,3.38999837097811,3.37706438225308,3.34964696469879,3.32082663067983,3.27415186161109,3.23780986939387,3.20322022465055,3.18361396085818,3.14654231577528,3.11317449366831,3.09842700331361,3.08188315525458,3.09060542451322,3.09107436551298,3.09674026443951,3.10497271302506,3.09502827289306,3.09265025428305,3.07588647238179,3.06728042802561,3.06489696844265,3.04818568472485,3.03707974791345,3.027118572169,3.03779993789485,3.04273008962968,3.03905730543033,3.03114308645807,3.03743954283693,3.02896039293332,3.02156723775351,3.01519776838032,2.99045894566788,2.96175785082246,2.94075097663166,2.92712447710862,2.92590213344222,2.9278704033386
"80764",2.87764333768864,2.86037230805176,2.85894174008089,2.83045679908796,2.80604603109155,2.78117453674537,2.76207692106198,2.73747458115437,2.71522196825263,2.70486130096886,2.69859178709802,2.6830110037971,2.66948877490863,2.65145721342307,2.64262798529737,2.62675471238192,2.60823669603612,2.58883240168391,2.5666571170157,2.55083075498334,2.54734422929186,2.53697289032023,2.51748362491563,2.5050364386359,2.49186496250312,2.49131962578415,2.47979614540284,2.48016943286775,2.4841161119776,2.47732766967322,2.46311728016555,2.45905795662502,2.46031529519813,2.45751408557196,2.44664192641274,2.44121227243946,2.44054100052296,2.44261025943625,2.44545021556834,2.44863544877235,2.44230087446423,2.44136335418236,2.43396284998649,2.42872479946974,2.4288117085457,2.41538546076986,2.4050041286189,2.39405021799869,2.38567733067889,2.38410847060452,2.39227576202492
"80765",1.50764723782559,1.49794341334068,1.49656811861112,1.48736680554764,1.47762924087395,1.46670910457755,1.45806003864395,1.4494140711852,1.44194811194939,1.43654000538675,1.43347947645848,1.42047008899934,1.41342619124192,1.40757919870446,1.40035651573433,1.39101001670157,1.38275360568951,1.3726277004997,1.36868122004176,1.37061553883015,1.36531977776138,1.35934028484592,1.35526671412494,1.35113382973109,1.34711963167722,1.34806524303829,1.34158158297874,1.33830298722829,1.34182989727185,1.33456754612121,1.32674012383605,1.324290566484,1.33104698384987,1.3289984427653,1.32540333466961,1.32385365780267,1.32461580561781,1.33277718025187,1.33244342574059,1.3300211085848,1.33026470831603,1.33560196762468,1.32853753056455,1.32598101193975,1.31974549162924,1.31226455343823,1.30926121317962,1.30625728265384,1.30551324365468,1.30620476190139,1.31430101192446
"81481",3.54738549445538,3.53882054737951,3.52223980872948,3.49569446839072,3.44594353443524,3.40941562659503,3.37303876520092,3.31625670241694,3.26901842286749,3.23573371621062,3.21130375747351,3.16819242282075,3.13876508464862,3.12056326050465,3.10745291498803,3.09068435291606,3.06867671028766,3.036152917012,2.99854325679533,2.96395191264336,2.9361312377346,2.89911316063745,2.86569775253534,2.8447279456339,2.83694702965015,2.83143660330241,2.82761185246321,2.81581135584211,2.82155793507534,2.81232150227994,2.79834696885814,2.79846023052149,2.78927466803185,2.78167323353864,2.77294068989358,2.76269209718965,2.74994570767334,2.7524912416327,2.74937587151852,2.75069753988892,2.75350649616729,2.76093542515282,2.75563019058948,2.74651164651016,2.73603551634518,2.71632644964855,2.69043750748984,2.67856770031158,2.66142221934459,2.65484563282534,2.65889577850561
"81482",3.45920675683228,3.45295178215014,3.43993505336129,3.41641178086681,3.37816443625891,3.34547859964692,3.3220498104172,3.27985783790697,3.24957057003633,3.22014858402653,3.1994755711044,3.16499220224158,3.12926152502253,3.11550514101769,3.10382978428417,3.08227918971332,3.0657743400032,3.04420250135114,3.01012966791621,2.99960778309835,2.97574342752905,2.94894149931675,2.92354546430139,2.90424116456451,2.89742641917587,2.88878816245987,2.87794054778058,2.87376426943378,2.87120948177252,2.86142322383344,2.84794790806718,2.85274692094456,2.84837171340171,2.84244212141621,2.83492584239288,2.83414121767565,2.83025958252138,2.82768367018043,2.82958833824825,2.83231862731245,2.83452533372781,2.83145914029534,2.82765193367542,2.81954002879067,2.8067946123306,2.79166573021189,2.77101517226215,2.7542358579283,2.74377592936805,2.74191986967678,2.74364106226769
"81483",3.24957902173483,3.23802900816456,3.22764939963006,3.2014920391023,3.17377100477915,3.14579484808397,3.12627528152223,3.09849110202257,3.07497026732466,3.05510440274043,3.04107387573552,3.00944554481984,2.97997555729599,2.96783546579426,2.95725490496549,2.94233497436938,2.93017367503148,2.91508506845858,2.89033089570822,2.88287393132127,2.86403256232584,2.84446081257193,2.82191073789508,2.80798038565332,2.79709797951396,2.78759528198154,2.77666776908213,2.77038284136083,2.76779725489201,2.75980255175514,2.7429712902021,2.74770600994692,2.7420292959178,2.73653835342153,2.72858870376324,2.72588496810644,2.7251647351742,2.72753951203743,2.72711218829588,2.72962207587749,2.73424789514498,2.73192711809328,2.72998936608129,2.72103973436071,2.71120807569193,2.69995278273756,2.68447715412816,2.67245626226515,2.66606619412645,2.66400728928424,2.66544184700668
"81484",2.79863547497225,2.78788377654772,2.77325896735592,2.7564608619903,2.73199520317566,2.71147313976229,2.69453270293268,2.67418644284381,2.65346479202465,2.63896828384841,2.6279398320482,2.61005274275496,2.58607893025618,2.57188585210431,2.56107715863761,2.55312557396882,2.54567259610252,2.53569572317097,2.51847177246703,2.50823340318486,2.5015406378097,2.48337202521501,2.46986750683592,2.45638961436706,2.44525346366811,2.43896053515372,2.43226099952822,2.42479377953361,2.420585575138,2.41327976480206,2.40639674882691,2.40032493609589,2.39582569487114,2.3925867522587,2.38562290569891,2.38162792513912,2.37960622034616,2.38208518550819,2.3843116071576,2.38527221194119,2.38682812781055,2.38970247014369,2.38559421781395,2.3801235454587,2.37522968939674,2.36511011137919,2.3515667199212,2.34284662004551,2.34028514700257,2.3406858578608,2.3363050611595
"81485",2.40502040798092,2.39287018203352,2.38016381540595,2.3596296593229,2.3457460091348,2.32920252376024,2.31469620992912,2.30086872597372,2.28143469519325,2.26910022832549,2.26162837571266,2.24859710076717,2.23198352265298,2.21689637208294,2.21034588125792,2.20275418284165,2.19549248761733,2.18866077335535,2.17662621904285,2.16662594567639,2.16119388537167,2.14827429015351,2.13612764789026,2.12537308069315,2.11416918526951,2.10899436914259,2.10619423270454,2.09918476837484,2.09456487791743,2.08849497404392,2.08248406704305,2.07732985332541,2.0704114766597,2.07005046915197,2.06145957785991,2.05634407798415,2.053476807704,2.05299234175349,2.05649980646546,2.05885274966366,2.05822268403751,2.05741939258856,2.05921696612084,2.05646132168364,2.05450330143893,2.04710632756847,2.03449228770395,2.02690687434395,2.02513019832507,2.0265859196199,2.0253354754126
"81486",1.5053696313822,1.49850548930304,1.49615802302541,1.47992730281552,1.46788909303387,1.45878881838298,1.45029351261841,1.4435245908811,1.43451942414028,1.43610213567671,1.43164743576883,1.42378788811143,1.41410137007342,1.40799334474889,1.40825676472127,1.40089956189766,1.3967149483604,1.38864553477622,1.38076856567231,1.38015916665347,1.38288238219614,1.37436131234841,1.3660345760583,1.36315620975278,1.36129369289254,1.36268042433407,1.36137431264462,1.3583856123136,1.35556256170887,1.34831649489164,1.34253403660085,1.33977436439696,1.34094328844487,1.33809200231229,1.3327597606678,1.33226476358715,1.33202089011353,1.33891456861354,1.34365540468367,1.343006976773,1.33960780310817,1.34210209603366,1.3404000282038,1.33858908759821,1.33659302145776,1.32929869854903,1.32127567639709,1.31847737241865,1.32049405116224,1.32375042546264,1.32689482749936
"82201",2.54141471006296,2.53259319373419,2.52719520957103,2.50340101884994,2.47448972560319,2.44532100205772,2.41638999008181,2.37905252393777,2.34519236582735,2.31789729690399,2.2967684149193,2.27479147272358,2.25837591528741,2.23253349943551,2.22307422563319,2.20571323501955,2.1849243878361,2.16357747656043,2.14192555511027,2.11263454174059,2.08464728014811,2.06443883546293,2.0349829479016,2.01887542798968,2.00370578793036,2.00218968478724,1.99801675465619,1.99278086030576,1.98901279303841,1.98567359475831,1.97803456115886,1.96821986660595,1.96368056528267,1.95976973615103,1.95280261390767,1.94581557789712,1.94461816765332,1.93644916723627,1.9385692154249,1.93936287335987,1.94144430672562,1.94286059310952,1.94493513079276,1.93765028349858,1.93377821128205,1.91732285817447,1.90174042985822,1.8911892043143,1.88232762288677,1.8754178828854,1.87174046153894
"82202",2.81326332282115,2.80392279565028,2.79662472083635,2.77183860341619,2.74474820365873,2.71828477340682,2.69829434672017,2.66826011460948,2.64627647329342,2.62445602092383,2.60380597390395,2.58012883995536,2.56153249835277,2.54337600869831,2.5235537817561,2.50706962245156,2.48820959346934,2.46878776327068,2.45099092713681,2.42991041383999,2.41043196707881,2.39358368244779,2.3692374705734,2.3534856371976,2.34303692104506,2.33295739849004,2.32062411623324,2.31419860056032,2.31061524206111,2.30850731507653,2.29369990059693,2.28430049068103,2.28506585329446,2.28209266002347,2.27551341608409,2.27024640699017,2.27085826412929,2.26543667221974,2.26924658547926,2.27080578850173,2.27117232669797,2.27034662949745,2.27115885675242,2.26177538240852,2.25237330370647,2.24361280782247,2.23367015196443,2.22494478679117,2.21512782132852,2.20487891688618,2.20681380515767
"82203",2.62620339138593,2.61659375806317,2.60825276440261,2.58769923027603,2.56694622729465,2.54662883609691,2.5292720495276,2.5114835888151,2.4916660428429,2.47410407626977,2.45823520295882,2.43934216352613,2.4240215076049,2.39825196645899,2.38862962476352,2.37843451631501,2.36729432025084,2.35536683598602,2.34301281908183,2.33280177012691,2.31712230574057,2.30298910362269,2.28329648067676,2.2685891994372,2.25728378548696,2.25060073118291,2.23647792965483,2.22800181697155,2.22519876495738,2.22045296617031,2.21132026217655,2.20388449548399,2.20301237743243,2.20050052793988,2.19325867736898,2.18836391338253,2.18857218077956,2.18331720292947,2.18844722752494,2.18658381126354,2.18815335630927,2.18743752425736,2.18482222867322,2.18015164453229,2.17460879083754,2.16744973792804,2.16131936451159,2.15661406827839,2.14862262811742,2.14321858930075,2.14099572226133
"82204",1.98172959479925,1.97315631843216,1.96309830518258,1.95039894516562,1.93984653456944,1.92543937014714,1.91273851224227,1.89893666909158,1.88433142669204,1.87222815036481,1.86058113230889,1.84847233617155,1.83682929462497,1.8184860960138,1.80964159954166,1.80637443392239,1.79832270793165,1.79347488905003,1.78695070322532,1.779835190866,1.76809496578486,1.75835965453982,1.74593586159615,1.73433153363481,1.72280006584,1.71739250205903,1.70972805798496,1.70263304135728,1.70105135783307,1.69591244197028,1.69220509872543,1.68758615619809,1.68518452969965,1.6826512575842,1.6754352247725,1.66777663478807,1.66836419553804,1.66335106455065,1.6648644137054,1.66531906013831,1.66678257302494,1.66500980754181,1.66634859326577,1.66359830390256,1.66193583444221,1.65695811740031,1.65172999722736,1.64748048812626,1.64160726131833,1.64122899529514,1.63859763759886
"82205",1.69607235824733,1.68878861938523,1.67777137254987,1.66689417366198,1.65539615236477,1.64427866386389,1.63409804844526,1.62217320101548,1.60946343899423,1.59972474778791,1.59106172902761,1.58228437156515,1.57367755139323,1.55912965646326,1.55111166979988,1.54786478220503,1.54053030002875,1.53903009994318,1.5335654813551,1.52515019678536,1.51623654651388,1.50872326469317,1.50021904548898,1.49057148180119,1.47984240797327,1.47447281875806,1.46841357647798,1.46465694367252,1.46364483404527,1.46105443753957,1.45592764362928,1.45138442678039,1.44786796906475,1.44516998309809,1.43828614303469,1.43144868939323,1.43019050530197,1.42480288282926,1.42537394802232,1.4264508748042,1.42870191276082,1.42659595815425,1.42707015262763,1.42572917829543,1.4256469782041,1.42270773484113,1.41729035484963,1.41257605851306,1.40837185320294,1.40695555720705,1.40838889442235
"82206",1.6117951752356,1.6027017061719,1.59251689180064,1.58275349089745,1.56998754021999,1.56142829461064,1.55113434435326,1.53902816339496,1.52857418521956,1.52086941339278,1.51597987913486,1.50886406398676,1.50139526570622,1.48813765623001,1.48263383674573,1.48009425191365,1.47205841908567,1.47004428504317,1.46525094426653,1.46007878435511,1.45225192405433,1.44830679284973,1.44152342686725,1.43390327441088,1.42567904322229,1.42097438217441,1.41900288765308,1.41567660200686,1.41503149999179,1.41040794121107,1.40553950742108,1.39904488200608,1.39661556544282,1.39410153923476,1.38729971514822,1.38065324726409,1.38035167062775,1.37668429098518,1.37817136706479,1.37830047428309,1.37876104861869,1.37729519220462,1.37697635844933,1.37747922543979,1.37510888545783,1.37119718000223,1.36422890637074,1.3608696493661,1.35780772790187,1.35918004675972,1.3613978790046
"82922",1.84332475132178,1.84002036770801,1.83570814027231,1.82396002846286,1.80592247682706,1.78755845010002,1.77177355365832,1.7559781197877,1.73584043908925,1.72282771756581,1.70850739805888,1.69339590803246,1.67962503617074,1.66604515416896,1.65467933421911,1.6416263459722,1.62735978731741,1.61665650078206,1.60049034534298,1.58549653997412,1.57194419011526,1.55516542470477,1.53956564056634,1.52585908827802,1.51454693968035,1.50972435402069,1.50295717215801,1.49395466289461,1.49117255784903,1.48390945447721,1.48055402571836,1.47717345060714,1.4720135748019,1.47051007205888,1.46514822112509,1.46190991878262,1.46127291277603,1.45945517196813,1.4581459655498,1.45701682142841,1.46005734897691,1.46077713010283,1.45858134646145,1.45538940747574,1.45418833560033,1.44736443503278,1.43972721585578,1.43497162499187,1.43026671546534,1.42822064930464,1.42441287390339
"82923",1.73238496386839,1.72818169495812,1.72258498833051,1.71505614931288,1.70523622489349,1.69007530005567,1.67735530826062,1.66562382906612,1.64777027645567,1.63683994151673,1.62635624200831,1.61273169744835,1.59833363577965,1.58493662919308,1.57405081866201,1.56467002821486,1.55629577399977,1.54940434019057,1.54314035892821,1.53557654731456,1.525818360358,1.51061155412955,1.49847588677645,1.48420944531627,1.4733335265719,1.46877696223038,1.4628446394316,1.45533898074063,1.45346949846803,1.44710719937803,1.44186407247406,1.43940804568833,1.43669816467618,1.43504113889831,1.42919252624544,1.42643947991719,1.42472113193253,1.42207498341504,1.41960873942712,1.41928829693104,1.4203409518921,1.42165746735419,1.42135863907308,1.42103410072683,1.41856412285796,1.4133182653051,1.40586583207563,1.40193423676959,1.39822371940819,1.39726060873233,1.39426281520285
